variante,canonico,tipo
ADRIANNA,ADRIANA,grafia
ADRYANA,ADRIANA,grafia
ADRYANNA,ADRIANA,grafia
ADRIANI,ADRIANE,grafia
ADRIANNE,ADRIANE,grafia
ADRYANE,ADRIANE,grafia
ADRYANNE,ADRIANE,grafia
ADRYANO,ADRIANO,grafia
AGAHTA,AGATHA,grafia
AGATA,AGATHA,grafia
AGATAH,AGATHA,grafia
AGATTA,AGATHA,grafia
AGHATA,AGATHA,grafia
AGHATHA,AGATHA,grafia
AGHATTA,AGATHA,grafia
HAGATA,AGATHA,grafia
HAGATHA,AGATHA,grafia
HAGATTA,AGATHA,grafia
ALANN,ALAN,grafia
ALLAN,ALAN,grafia
HALAN,ALAN,grafia
HALLAN,ALAN,grafia
ALANNA,ALANA,grafia
ALLANA,ALANA,grafia
ALLANNA,ALANA,grafia
HALANA,ALANA,grafia
HALANNA,ALANA,grafia
HALLANA,ALANA,grafia
ALEKSANDRA,ALESSANDRA,grafia
ALESANDRA,ALESSANDRA,grafia
ALEXSANDRA,ALESSANDRA,grafia
ALECSANDRO,ALESSANDRO,grafia
ALEKSANDRO,ALESSANDRO,grafia
ALESANDRO,ALESSANDRO,grafia
ALEXSANDRO,ALESSANDRO,grafia
ALLEX,ALEX,grafia
HALEX,ALEX,grafia
ALECSANDRE,ALEXANDRE,grafia
ALECSSANDRE,ALEXANDRE,grafia
ALEKSANDRE,ALEXANDRE,grafia
ALESSANDRE,ALEXANDRE,grafia
ALEXSANDRE,ALEXANDRE,grafia
ALLICE,ALICE,grafia
ALLYCE,ALICE,grafia
ALYCE,ALICE,grafia
ALICYA,ALICIA,grafia
ALLICIA,ALICIA,grafia
ALLICYA,ALICIA,grafia
ALLYCIA,ALICIA,grafia
ALYCIA,ALICIA,grafia
ALINNE,ALINE,grafia
ALLINE,ALINE,grafia
ALLYNE,ALINE,grafia
ALYNE,ALINE,grafia
ALYNNE,ALINE,grafia
HALINE,ALINE,grafia
AMANDHA,AMANDA,grafia
HAMANDA,AMANDA,grafia
ANABEATRIZ,ANA BEATRIZ,composto
ANACAROLINA,ANA CAROLINA,composto
ANACAROLINE,ANA CAROLINE,composto
ANACLARA,ANA CLARA,composto
ANAJULIA,ANA JULIA,composto
ANALAURA,ANA LAURA,composto
ANALIVIA,ANA LIVIA,composto
ANALUCIA,ANA LUCIA,composto
ANALUISA,ANA LUISA,composto
ANALUIZA,ANA LUIZA,composto
ANAMARIA,ANA MARIA,composto
ANAPAULA,ANA PAULA,composto
ANDERSSON,ANDERSON,grafia
HANDERSON,ANDERSON,grafia
ANDREYA,ANDREIA,grafia
ANDRESA,ANDRESSA,grafia
ANDREZA,ANDRESSA,grafia
ANDREZZA,ANDRESSA,grafia
ANGELLA,ANGELA,grafia
ANGELLO,ANGELO,grafia
ANTHONNY,ANTHONY,grafia
ANTONNY,ANTHONY,grafia
ANTONY,ANTHONY,grafia
ANTHONIA,ANTONIA,grafia
ANTONYA,ANTONIA,grafia
ANTHONIO,ANTONIO,grafia
ANTHONYO,ANTONIO,grafia
ANTONYO,ANTONIO,grafia
ARHTUR,ARTHUR,grafia
ARTUR,ARTHUR,grafia
HARTHUR,ARTHUR,grafia
HARTUR,ARTHUR,grafia
AILA,AYLA,grafia
AILLA,AYLA,grafia
AYLAH,AYLA,grafia
AYLLA,AYLA,grafia
AYLLAH,AYLA,grafia
HAILA,AYLA,grafia
HAILLA,AYLA,grafia
HAYLA,AYLA,grafia
HAYLLA,AYLA,grafia
BEATRIS,BEATRIZ,grafia
BEATRYS,BEATRIZ,grafia
BEATRYZ,BEATRIZ,grafia
BHEATRIZ,BEATRIZ,grafia
BENJAMIM,BENJAMIN,grafia
BENJAMYN,BENJAMIN,grafia
BIANKA,BIANCA,grafia
BYANCA,BIANCA,grafia
BYANKA,BIANCA,grafia
BRENDDA,BRENDA,grafia
BRENDHA,BRENDA,grafia
BRENNDA,BRENDA,grafia
BRUNNA,BRUNA,grafia
BRUNNO,BRUNO,grafia
CAYO,CAIO,grafia
KAIO,CAIO,grafia
KAYO,CAIO,grafia
KHAYO,CAIO,grafia
CAMILLA,CAMILA,grafia
CAMYLA,CAMILA,grafia
CAMYLLA,CAMILA,grafia
KAMILA,CAMILA,grafia
KAMILLA,CAMILA,grafia
KAMYLA,CAMILA,grafia
KAMYLLA,CAMILA,grafia
CAMILE,CAMILY,grafia
CAMILEI,CAMILY,grafia
CAMILEY,CAMILY,grafia
CAMILI,CAMILY,grafia
CAMILLE,CAMILY,grafia
CAMILLI,CAMILY,grafia
CAMILLY,CAMILY,grafia
CAMYLE,CAMILY,grafia
CAMYLI,CAMILY,grafia
CAMYLLE,CAMILY,grafia
CAMYLLY,CAMILY,grafia
CAMYLY,CAMILY,grafia
KAMILE,CAMILY,grafia
KAMILEI,CAMILY,grafia
KAMILEY,CAMILY,grafia
KAMILI,CAMILY,grafia
KAMILLE,CAMILY,grafia
KAMILLI,CAMILY,grafia
KAMILLY,CAMILY,grafia
KAMILY,CAMILY,grafia
KAMYLE,CAMILY,grafia
KAMYLI,CAMILY,grafia
KAMYLLE,CAMILY,grafia
KAMYLLY,CAMILY,grafia
CARLLA,CARLA,grafia
KARLA,CARLA,grafia
KARLLA,CARLA,grafia
CARLLOS,CARLOS,grafia
KARLLOS,CARLOS,grafia
KARLOS,CARLOS,grafia
CARLOSALBERTO,CARLOS ALBERTO,composto
CARLOSEDUARDO,CARLOS EDUARDO,composto
CARLOSHENRIQUE,CARLOS HENRIQUE,composto
CAROLYNA,CAROLINA,grafia
KAROLINA,CAROLINA,grafia
KAROLYNA,CAROLINA,grafia
CAROLINNE,CAROLINE,grafia
CAROLLINE,CAROLINE,grafia
CAROLLYNE,CAROLINE,grafia
CAROLYNE,CAROLINE,grafia
CAROLYNNE,CAROLINE,grafia
KAROLINE,CAROLINE,grafia
KAROLINNE,CAROLINE,grafia
KAROLLINE,CAROLINE,grafia
KAROLLYNE,CAROLINE,grafia
KAROLLYNNE,CAROLINE,grafia
KAROLYNE,CAROLINE,grafia
KAROLYNNE,CAROLINE,grafia
CATHARINA,CATARINA,grafia
KATARINA,CATARINA,grafia
KATARYNA,CATARINA,grafia
KATHARINA,CATARINA,grafia
CECILLIA,CECILIA,grafia
CECILLYA,CECILIA,grafia
CECILYA,CECILIA,grafia
CECYLIA,CECILIA,grafia
CHARLE,CHARLES,grafia
CHARLEI,CHARLES,grafia
CHARLEY,CHARLES,grafia
CHARLLES,CHARLES,grafia
KLEBER,CLEBER,grafia
CLAITON,CLEITON,grafia
CLAYTON,CLEITON,grafia
CLEYTON,CLEITON,grafia
KLAITON,CLEITON,grafia
KLAYTON,CLEITON,grafia
KLEITON,CLEITON,grafia
CHRISTHIAN,CRISTIAN,grafia
CHRISTHYAN,CRISTIAN,grafia
CHRISTIAN,CRISTIAN,grafia
CHRISTYAN,CRISTIAN,grafia
CHRYSTIAN,CRISTIAN,grafia
CHRYSTYAN,CRISTIAN,grafia
CRHISTIAN,CRISTIAN,grafia
CRISTHIAN,CRISTIAN,grafia
CRISTHYAN,CRISTIAN,grafia
CRISTYAN,CRISTIAN,grafia
CRYSTHIAN,CRISTIAN,grafia
CRYSTIAN,CRISTIAN,grafia
KHRYSTIAN,CRISTIAN,grafia
KRISTIAN,CRISTIAN,grafia
CHRISTIANE,CRISTIANE,grafia
CHRISTIANNE,CRISTIANE,grafia
CHRYSTIANE,CRISTIANE,grafia
CRISTHIANE,CRISTIANE,grafia
CRISTIANNE,CRISTIANE,grafia
CRYSTIANE,CRISTIANE,grafia
CHRISTIANO,CRISTIANO,grafia
CRISTHIANO,CRISTIANO,grafia
CRYSTIANO,CRISTIANO,grafia
CHRISTINA,CRISTINA,grafia
CRYSTINA,CRISTINA,grafia
KRISTINA,CRISTINA,grafia
DAHIANE,DAIANE,grafia
DAIANNE,DAIANE,grafia
DAYANE,DAIANE,grafia
DAYANNE,DAIANE,grafia
DANIELL,DANIEL,grafia
DANNIEL,DANIEL,grafia
DANNYEL,DANIEL,grafia
DANYEL,DANIEL,grafia
DHANIEL,DANIEL,grafia
DANIELLA,DANIELA,grafia
DANYELA,DANIELA,grafia
DANYELLA,DANIELA,grafia
DHANIELA,DANIELA,grafia
DANIELI,DANIELE,grafia
DANIELLE,DANIELE,grafia
DANIELLI,DANIELE,grafia
DANNIELLE,DANIELE,grafia
DANNYELLE,DANIELE,grafia
DANYELE,DANIELE,grafia
DANYELLE,DANIELE,grafia
DANILLO,DANILO,grafia
DANNILO,DANILO,grafia
DANNYLO,DANILO,grafia
DANYLLO,DANILO,grafia
DANYLO,DANILO,grafia
DAVID,DAVI,grafia
DAVIH,DAVI,grafia
DAVY,DAVI,grafia
DHAVI,DAVI,grafia
DHAVY,DAVI,grafia
DEBBORA,DEBORA,grafia
DEBHORA,DEBORA,grafia
DEBORAH,DEBORA,grafia
DHEBORA,DEBORA,grafia
DENYLSON,DENILSON,grafia
DENIZE,DENISE,grafia
DENNISE,DENISE,grafia
DENNYSE,DENISE,grafia
DENYSE,DENISE,grafia
DHIEGO,DIEGO,grafia
DHYEGO,DIEGO,grafia
DYEGO,DIEGO,grafia
DOUGUAS,DOUGLAS,grafia
DOWGLAS,DOUGLAS,grafia
DUGLAS,DOUGLAS,grafia
EDDISON,EDSON,grafia
EDISON,EDSON,grafia
ELAINNE,ELAINE,grafia
ELAYNE,ELAINE,grafia
ELAYNNE,ELAINE,grafia
ELLAINE,ELAINE,grafia
ELLAYNE,ELAINE,grafia
HELAINE,ELAINE,grafia
HELAYNE,ELAINE,grafia
HELAYNNE,ELAINE,grafia
HELLAYNE,ELAINE,grafia
ELIANNE,ELIANE,grafia
ELYANE,ELIANE,grafia
HELIANE,ELIANE,grafia
ELLIAS,ELIAS,grafia
ELLYAS,ELIAS,grafia
ELYAS,ELIAS,grafia
HELIAS,ELIAS,grafia
ELLOA,ELOA,grafia
ELLOAH,ELOA,grafia
ELOAH,ELOA,grafia
ELOHA,ELOA,grafia
HELLOA,ELOA,grafia
HELLOAH,ELOA,grafia
HELOA,ELOA,grafia
HELOAH,ELOA,grafia
EMANNUEL,EMANUEL,grafia
EMANUELL,EMANUEL,grafia
EMMANUEL,EMANUEL,grafia
HEMANUEL,EMANUEL,grafia
EMANNUELLE,EMANUELE,grafia
EMANUELI,EMANUELE,grafia
EMANUELLE,EMANUELE,grafia
EMANUELLY,EMANUELE,grafia
EMANUELY,EMANUELE,grafia
EMMANUELE,EMANUELE,grafia
EMMANUELLE,EMANUELE,grafia
EMELI,EMILY,grafia
EMELLY,EMILY,grafia
EMILE,EMILY,grafia
EMILEY,EMILY,grafia
EMILI,EMILY,grafia
EMILIE,EMILY,grafia
EMILLI,EMILY,grafia
EMILLY,EMILY,grafia
EMMILLI,EMILY,grafia
EMMILLY,EMILY,grafia
EMMILY,EMILY,grafia
EMMYLLY,EMILY,grafia
EMMYLY,EMILY,grafia
EMYLI,EMILY,grafia
EMYLLI,EMILY,grafia
EMYLLY,EMILY,grafia
EMYLY,EMILY,grafia
HEMILI,EMILY,grafia
HEMILLY,EMILY,grafia
HEMILY,EMILY,grafia
HEMYLLY,EMILY,grafia
ENNZO,ENZO,grafia
ENZHO,ENZO,grafia
ENZZO,ENZO,grafia
HENNZO,ENZO,grafia
HENZO,ENZO,grafia
HENZZO,ENZO,grafia
ERICKA,ERICA,grafia
ERIKA,ERICA,grafia
ERYCA,ERICA,grafia
ERYCKA,ERICA,grafia
ERYKA,ERICA,grafia
HERICA,ERICA,grafia
HERICKA,ERICA,grafia
HERIKA,ERICA,grafia
HERYKA,ERICA,grafia
ERIC,ERICK,grafia
ERIK,ERICK,grafia
ERYC,ERICK,grafia
ERYCK,ERICK,grafia
ERYK,ERICK,grafia
HERIC,ERICK,grafia
HERICK,ERICK,grafia
HERIK,ERICK,grafia
HERYCK,ERICK,grafia
HERYK,ERICK,grafia
ESTHER,ESTER,grafia
HESTER,ESTER,grafia
ISTER,ESTER,grafia
ESTELVINA,ETEVELVINA,grafia
ESTEVELVINA,ETEVELVINA,grafia
ETELVINA,ETEVELVINA,grafia
ITELVINA,ETEVELVINA,grafia
EVELIM,EVELYN,grafia
EVELIN,EVELYN,grafia
EVELLIN,EVELYN,grafia
EVELLYN,EVELYN,grafia
EVELYNE,EVELYN,grafia
HEVELIN,EVELYN,grafia
HEVELLIN,EVELYN,grafia
HEVELLYN,EVELYN,grafia
HEVELYN,EVELYN,grafia
FABIANNA,FABIANA,grafia
FABYANA,FABIANA,grafia
FABRYCIO,FABRICIO,grafia
FATHIMA,FATIMA,grafia
FELIPI,FELIPE,grafia
FELIPPE,FELIPE,grafia
FELLIPE,FELIPE,grafia
FELLYPE,FELIPE,grafia
FELYPE,FELIPE,grafia
FHELIPE,FELIPE,grafia
FILIPE,FELIPE,grafia
PHELIPE,FELIPE,grafia
PHELLIPE,FELIPE,grafia
PHELLYPE,FELIPE,grafia
PHELYPE,FELIPE,grafia
PHILIPE,FELIPE,grafia
PHILIPI,FELIPE,grafia
PHILIPPE,FELIPE,grafia
FLAVYA,FLAVIA,grafia
FRANCYLENE,FRANCILENE,grafia
GABRIELL,GABRIEL,grafia
GABRYEL,GABRIEL,grafia
GABRYELL,GABRIEL,grafia
GHABRIEL,GABRIEL,grafia
GABRIELHENRIQUE,GABRIEL HENRIQUE,composto
GABRIELLA,GABRIELA,grafia
GABRYELA,GABRIELA,grafia
GABRYELLA,GABRIELA,grafia
GABRIELE,GABRIELY,grafia
GABRIELI,GABRIELY,grafia
GABRIELLI,GABRIELY,grafia
GABRIELLY,GABRIELY,grafia
GABRYELLY,GABRIELY,grafia
GAELL,GAEL,grafia
GHAEL,GAEL,grafia
GHAELL,GAEL,grafia
GEISSA,GEISA,grafia
GEIZA,GEISA,grafia
GEYSA,GEISA,grafia
GEYZA,GEISA,grafia
JEISA,GEISA,grafia
JEYSA,GEISA,grafia
GEISSE,GEISE,grafia
GEIZE,GEISE,grafia
GEYSE,GEISE,grafia
GEYSSE,GEISE,grafia
GEYZE,GEISE,grafia
JEISE,GEISE,grafia
JEYSE,GEISE,grafia
GEOVANI,GIOVANI,grafia
GEOVANNI,GIOVANI,grafia
GIOVANNI,GIOVANI,grafia
GIOVANNY,GIOVANI,grafia
JOVANI,GIOVANI,grafia
JOVANNI,GIOVANI,grafia
GEOVANA,GIOVANNA,grafia
GEOVANNA,GIOVANNA,grafia
GIOVANA,GIOVANNA,grafia
GYOVANNA,GIOVANNA,grafia
JOVANA,GIOVANNA,grafia
JOVANNA,GIOVANNA,grafia
GISELI,GISELE,grafia
GISELLE,GISELE,grafia
GISELLI,GISELE,grafia
GISSELE,GISELE,grafia
GIZELE,GISELE,grafia
GIZELI,GISELE,grafia
GIZELLE,GISELE,grafia
GYSELE,GISELE,grafia
GYSELLE,GISELE,grafia
JISELE,GISELE,grafia
GIULLIA,GIULIA,grafia
GIULYA,GIULIA,grafia
GUILERME,GUILHERME,grafia
GUYLHERME,GUILHERME,grafia
GUSTHAVO,GUSTAVO,grafia
GUSTTAVO,GUSTAVO,grafia
EITHOR,HEITOR,grafia
EITOR,HEITOR,grafia
EYTOR,HEITOR,grafia
HEITHOR,HEITOR,grafia
HEITTOR,HEITOR,grafia
HEYTHOR,HEITOR,grafia
HEYTOR,HEITOR,grafia
HEYTTOR,HEITOR,grafia
ELEN,HELEN,grafia
ELLEN,HELEN,grafia
HELLEN,HELEN,grafia
ELENA,HELENA,grafia
ELLENA,HELENA,grafia
HELENNA,HELENA,grafia
HELLENA,HELENA,grafia
ELIO,HELIO,grafia
ELLOISA,HELOISA,grafia
ELLOYSA,HELOISA,grafia
ELOISA,HELOISA,grafia
ELOIZA,HELOISA,grafia
ELOYSA,HELOISA,grafia
ELOYZA,HELOISA,grafia
HELLOISA,HELOISA,grafia
HELLOYSA,HELOISA,grafia
HELLOYZA,HELOISA,grafia
HELOIZA,HELOISA,grafia
HELOYSA,HELOISA,grafia
HELOYZA,HELOISA,grafia
ENRIQUE,HENRIQUE,grafia
ENRRIQUE,HENRIQUE,grafia
HENRIKE,HENRIQUE,grafia
HENRRIQUE,HENRIQUE,grafia
HENRYQUE,HENRIQUE,grafia
HIAN,IAN,grafia
HYAN,IAN,grafia
HYANN,IAN,grafia
IANN,IAN,grafia
IHAN,IAN,grafia
YAN,IAN,grafia
YANN,IAN,grafia
YHAN,IAN,grafia
HICARO,ICARO,grafia
HIKARO,ICARO,grafia
HYCARO,ICARO,grafia
HYKARO,ICARO,grafia
IKARO,ICARO,grafia
YCARO,ICARO,grafia
YKARO,ICARO,grafia
HIGOR,IGOR,grafia
HYGOR,IGOR,grafia
IGGOR,IGOR,grafia
IGHOR,IGOR,grafia
YGOR,IGOR,grafia
ISABELL,ISABEL,grafia
IZABEL,ISABEL,grafia
YZABEL,ISABEL,grafia
ISABELLA,ISABELA,grafia
IZABELA,ISABELA,grafia
IZABELLA,ISABELA,grafia
YSABELA,ISABELA,grafia
YSABELLA,ISABELA,grafia
YZABELLA,ISABELA,grafia
ISABELI,ISABELY,grafia
ISABELLI,ISABELY,grafia
ISABELLY,ISABELY,grafia
IZABELI,ISABELY,grafia
IZABELLY,ISABELY,grafia
IZABELY,ISABELY,grafia
YSABELLY,ISABELY,grafia
YSABELY,ISABELY,grafia
YZABELLY,ISABELY,grafia
ISADORAH,ISADORA,grafia
IZADORA,ISADORA,grafia
YSADORA,ISADORA,grafia
YZADORA,ISADORA,grafia
ISAAC,ISAQUE,grafia
ISAAK,ISAQUE,grafia
ISAAQUE,ISAQUE,grafia
IZAAC,ISAQUE,grafia
IZAQUE,ISAQUE,grafia
ISSIS,ISIS,grafia
ISYS,ISIS,grafia
IZIS,ISIS,grafia
IZYS,ISIS,grafia
YSIS,ISIS,grafia
YSYS,ISIS,grafia
YZIS,ISIS,grafia
ISHMAEL,ISMAEL,grafia
IZMAEL,ISMAEL,grafia
YSMAEL,ISMAEL,grafia
HITALLO,ITALO,grafia
HITALO,ITALO,grafia
HYTALLO,ITALO,grafia
HYTALO,ITALO,grafia
ITALLO,ITALO,grafia
ITHALLO,ITALO,grafia
ITHALO,ITALO,grafia
YTALLO,ITALO,grafia
YTALO,ITALO,grafia
YTHALO,ITALO,grafia
JACKSOM,JACKSON,grafia
JACSON,JACKSON,grafia
JAKSON,JACKSON,grafia
JECKSON,JACKSON,grafia
JAILSSON,JAILSON,grafia
JAYLSON,JAILSON,grafia
JANAYNA,JANAINA,grafia
JANNAINA,JANAINA,grafia
JACKELINE,JAQUELINE,grafia
JACKELLINE,JAQUELINE,grafia
JACKELLYNE,JAQUELINE,grafia
JACKELYNE,JAQUELINE,grafia
JACQUELINE,JAQUELINE,grafia
JAKELINE,JAQUELINE,grafia
JAKELLINE,JAQUELINE,grafia
JAKELYNE,JAQUELINE,grafia
JAKELYNNE,JAQUELINE,grafia
JAQUELLINE,JAQUELINE,grafia
JAQUELYNE,JAQUELINE,grafia
GEAN,JEAN,grafia
JEANN,JEAN,grafia
JHAN,JEAN,grafia
JHEAN,JEAN,grafia
GEFERSON,JEFFERSON,grafia
JEFERSEN,JEFFERSON,grafia
JEFERSON,JEFFERSON,grafia
JEFERSSON,JEFFERSON,grafia
JEFFERSSON,JEFFERSON,grafia
JHEFERSON,JEFFERSON,grafia
JHEFFERSON,JEFFERSON,grafia
GENIFER,JENIFER,grafia
JENIFFER,JENIFER,grafia
JENNIFER,JENIFER,grafia
JENNIFFER,JENIFER,grafia
JENNYFER,JENIFER,grafia
JENNYFFER,JENIFER,grafia
JENYFER,JENIFER,grafia
JENYFFER,JENIFER,grafia
JHENIFER,JENIFER,grafia
JHENIFFER,JENIFER,grafia
JHENNIFER,JENIFER,grafia
JHENNIFFER,JENIFER,grafia
JHENNYFER,JENIFER,grafia
JHENNYFFER,JENIFER,grafia
JHENYFER,JENIFER,grafia
JHENYFFER,JENIFER,grafia
GESSICA,JESSICA,grafia
GESSYCA,JESSICA,grafia
JESICA,JESSICA,grafia
JESSIKA,JESSICA,grafia
JESSYCA,JESSICA,grafia
JESSYKA,JESSICA,grafia
JEZICA,JESSICA,grafia
JHESSICA,JESSICA,grafia
JHESSYCA,JESSICA,grafia
JOANNA,JOANA,grafia
JHOAO,JOAO,grafia
JOAOGABRIEL,JOAO GABRIEL,composto
JOAOLUCAS,JOAO LUCAS,composto
JOAOPAULO,JOAO PAULO,composto
JOAOPEDRO,JOAO PEDRO,composto
JOAOVICTOR,JOAO VITOR,composto
JOAOVITOR,JOAO VITOR,composto
JHONAS,JONAS,grafia
JHONNAS,JONAS,grafia
JONNAS,JONAS,grafia
JHONATAS,JONATAS,grafia
JHONATHAS,JONATAS,grafia
JHONNATAS,JONATAS,grafia
JOHNATAS,JONATAS,grafia
JONATHAS,JONATAS,grafia
JHONATAN,JONATHAN,grafia
JHONATHAN,JONATHAN,grafia
JHONATTAN,JONATHAN,grafia
JHONNATAN,JONATHAN,grafia
JHONNATHAN,JONATHAN,grafia
JOHNATAN,JONATHAN,grafia
JOHNATHAN,JONATHAN,grafia
JOHNNATAN,JONATHAN,grafia
JOHNNATHAN,JONATHAN,grafia
JONATAN,JONATHAN,grafia
JONATHAM,JONATHAN,grafia
JONHATAN,JONATHAN,grafia
JONHNATAN,JONATHAN,grafia
JONNATAN,JONATHAN,grafia
JONNATHAN,JONATHAN,grafia
JHOSE,JOSE,grafia
JOZE,JOSE,grafia
JOSEANTONIO,JOSE ANTONIO,composto
JOSEAPARECIDO,JOSE APARECIDO,composto
JOSECARLOS,JOSE CARLOS,composto
JOSELUCIA,JOSE LUCIA,composto
JOSELUIS,JOSE LUIZ,composto
JOSELUIZ,JOSE LUIZ,composto
JOSEMARIA,JOSE MARIA,composto
JOSEPHA,JOSEFA,grafia
JOZEFA,JOSEFA,grafia
JOCIANE,JOSIANE,grafia
JOSIANNE,JOSIANE,grafia
JOSSIANE,JOSIANE,grafia
JOSYANE,JOSIANE,grafia
JOSYANNE,JOSIANE,grafia
JOZIANE,JOSIANE,grafia
JOCIELE,JOSIELE,grafia
JOSIELLE,JOSIELE,grafia
JOSYELE,JOSIELE,grafia
JOSYELLE,JOSIELE,grafia
JOZIELE,JOSIELE,grafia
JOZUE,JOSUE,grafia
JHIULIA,JULIA,grafia
JHULIA,JULIA,grafia
JHULLIA,JULIA,grafia
JHULLYA,JULIA,grafia
JHULYA,JULIA,grafia
JIULIA,JULIA,grafia
JULLIA,JULIA,grafia
JULLYA,JULIA,grafia
JULYA,JULIA,grafia
JHULIANA,JULIANA,grafia
JULIANNA,JULIANA,grafia
JULLIANA,JULIANA,grafia
JULLYANA,JULIANA,grafia
JULLYANNA,JULIANA,grafia
JULYANA,JULIANA,grafia
JULYANNA,JULIANA,grafia
JHULIANE,JULIANE,grafia
JULIANNE,JULIANE,grafia
JULLIANE,JULIANE,grafia
JULLYANE,JULIANE,grafia
JULYANE,JULIANE,grafia
JULYANNE,JULIANE,grafia
JHULIANO,JULIANO,grafia
JIULIANO,JULIANO,grafia
JHULIO,JULIO,grafia
JULLIO,JULIO,grafia
JULYO,JULIO,grafia
CAIKE,KAIQUE,grafia
CAIQUE,KAIQUE,grafia
CAYKE,KAIQUE,grafia
CAYQUE,KAIQUE,grafia
KAIKE,KAIQUE,grafia
KAIKY,KAIQUE,grafia
KAYKE,KAIQUE,grafia
KAYKY,KAIQUE,grafia
KAYQUE,KAIQUE,grafia
CATHERINE,KATERINE,grafia
KATARINE,KATERINE,grafia
KATHARINE,KATERINE,grafia
KATHERINE,KATERINE,grafia
CATHIA,KATIA,grafia
CATIA,KATIA,grafia
KATHIA,KATIA,grafia
KATYA,KATIA,grafia
CAUA,KAUA,grafia
CAWA,KAUA,grafia
KAWA,KAUA,grafia
CAUAN,KAUAN,grafia
CAUANN,KAUAN,grafia
CAWAN,KAUAN,grafia
KAUANN,KAUAN,grafia
KAWAN,KAUAN,grafia
KHAUAN,KAUAN,grafia
CAUANE,KAUANE,grafia
CAUANNE,KAUANE,grafia
CAUANNY,KAUANE,grafia
CAUANY,KAUANE,grafia
KAUANNE,KAUANE,grafia
KAUANNY,KAUANE,grafia
KAUANY,KAUANE,grafia
KAWANE,KAUANE,grafia
KAWANNE,KAUANE,grafia
CAUE,KAUE,grafia
KAWE,KAUE,grafia
KEILLA,KEILA,grafia
KEYLA,KEILA,grafia
KEYLLA,KEILA,grafia
QUEILA,KEILA,grafia
KELI,KELLY,grafia
KELLI,KELLY,grafia
KELY,KELLY,grafia
KEMELE,KEMELI,grafia
KEMELLY,KEMELI,grafia
KEMELY,KEMELI,grafia
KEMILE,KEMELI,grafia
KEMILEI,KEMELI,grafia
KEMILEY,KEMELI,grafia
KEMILI,KEMELI,grafia
KEMILLE,KEMELI,grafia
KEMILLI,KEMELI,grafia
KEMILLY,KEMELI,grafia
KEMILY,KEMELI,grafia
KEMYLE,KEMELI,grafia
KEMYLI,KEMELI,grafia
KEMYLLE,KEMELI,grafia
KEMYLLI,KEMELI,grafia
KEMYLLY,KEMELI,grafia
KEMYLY,KEMELI,grafia
KEVEN,KEVIN,grafia
KEVYN,KEVIN,grafia
LAIZ,LAIS,grafia
LAYS,LAIS,grafia
LAYZ,LAIS,grafia
LHAIS,LAIS,grafia
LARAH,LARA,grafia
LARHA,LARA,grafia
LHARA,LARA,grafia
LARISA,LARISSA,grafia
LARRISA,LARISSA,grafia
LARRISSA,LARISSA,grafia
LARYSA,LARISSA,grafia
LARYSSA,LARISSA,grafia
LAURAH,LAURA,grafia
LETHICIA,LETICIA,grafia
LETHYCIA,LETICIA,grafia
LETICYA,LETICIA,grafia
LETISSIA,LETICIA,grafia
LETYCIA,LETICIA,grafia
LEVIH,LEVI,grafia
LEVY,LEVI,grafia
LISSANDRA,LISANDRA,grafia
LIZANDRA,LISANDRA,grafia
LYSANDRA,LISANDRA,grafia
LYSSANDRA,LISANDRA,grafia
LYZANDRA,LISANDRA,grafia
LIVYA,LIVIA,grafia
LYVIA,LIVIA,grafia
LYVYA,LIVIA,grafia
LORENAH,LORENA,grafia
LORENNA,LORENA,grafia
LORRENA,LORENA,grafia
LORANE,LORRANE,grafia
LORANNE,LORRANE,grafia
LORANY,LORRANE,grafia
LORRANNE,LORRANE,grafia
LORRANNI,LORRANE,grafia
LORRANY,LORRANE,grafia
LORENCO,LOURENCO,grafia
LOURENZO,LOURENCO,grafia
LUANN,LUAN,grafia
LUHAN,LUAN,grafia
LUANNA,LUANA,grafia
LUCCA,LUCA,grafia
LUKA,LUCA,grafia
LUCCAS,LUCAS,grafia
LUCKAS,LUCAS,grafia
LUKAS,LUCAS,grafia
LUKKAS,LUCAS,grafia
LUCIANNA,LUCIANA,grafia
LUCYANA,LUCIANA,grafia
LUCYANNA,LUCIANA,grafia
LUCYANO,LUCIANO,grafia
LUIS,LUIZ,grafia
LUYS,LUIZ,grafia
LUYZ,LUIZ,grafia
LUISFELIPE,LUIZ FELIPE,composto
LUIZFELIPE,LUIZ FELIPE,composto
LUISFERNANDO,LUIZ FERNANDO,composto
LUIZFERNANDO,LUIZ FERNANDO,composto
LUISGUILHERME,LUIZ GUILHERME,composto
LUIZGUILHERME,LUIZ GUILHERME,composto
LUISHENRIQUE,LUIZ HENRIQUE,composto
LUIZHENRIQUE,LUIZ HENRIQUE,composto
LUISA,LUIZA,grafia
LUYSA,LUIZA,grafia
LUYZA,LUIZA,grafia
MAISSA,MAISA,grafia
MAIZA,MAISA,grafia
MAYSA,MAISA,grafia
MAYSSA,MAISA,grafia
MAYZA,MAISA,grafia
MAITHE,MAITE,grafia
MAITTE,MAITE,grafia
MAYTE,MAITE,grafia
MAYTHE,MAITE,grafia
MAYTTE,MAITE,grafia
MANUEL,MANOEL,grafia
MARCELLO,MARCELO,grafia
MARCYA,MARCIA,grafia
MARKOS,MARCOS,grafia
MARIAH,MARIA,grafia
MARYA,MARIA,grafia
MARYAH,MARIA,grafia
MARIAAPARECIDA,MARIA APARECIDA,composto
MARIACECILIA,MARIA CECILIA,composto
MARIACLARA,MARIA CLARA,composto
MARIAEDUARDA,MARIA EDUARDA,composto
MARIAFERNANDA,MARIA FERNANDA,composto
MARIAHELENA,MARIA HELENA,composto
MARIAJOSE,MARIA JOSE,composto
MARIALUCIA,MARIA LUCIA,composto
MARIALUISA,MARIA LUISA,composto
MARIALUIZA,MARIA LUIZA,composto
MARIAROSA,MARIA ROSA,composto
MARIAVITORIA,MARIA VITORIA,composto
MARIANNA,MARIANA,grafia
MARYANA,MARIANA,grafia
MARYANNA,MARIANA,grafia
MARYLENE,MARILENE,grafia
MARYNALVA,MARINALVA,grafia
MATEUS,MATHEUS,grafia
MATHEWS,MATHEUS,grafia
MATTEUS,MATHEUS,grafia
MATTHEUS,MATHEUS,grafia
MAIARA,MAYARA,grafia
MELISA,MELISSA,grafia
MELLISSA,MELISSA,grafia
MELLYSSA,MELISSA,grafia
MELYSSA,MELISSA,grafia
MICHAELL,MICHAEL,grafia
MIKAEL,MICHAEL,grafia
MIKHAEL,MICHAEL,grafia
MYCHAEL,MICHAEL,grafia
MYKAEL,MICHAEL,grafia
MICHELL,MICHEL,grafia
MISHEL,MICHEL,grafia
MYCHEL,MICHEL,grafia
MICHELLE,MICHELE,grafia
MISHELE,MICHELE,grafia
MISHELLE,MICHELE,grafia
MYCHELE,MICHELE,grafia
MYCHELLE,MICHELE,grafia
MIGUELL,MIGUEL,grafia
MYGUEL,MIGUEL,grafia
MILENNA,MILENA,grafia
MILLENA,MILENA,grafia
MYLENA,MILENA,grafia
MYLENNA,MILENA,grafia
MYLLENA,MILENA,grafia
MYLLENNA,MILENA,grafia
MOISSES,MOISES,grafia
MOIZES,MOISES,grafia
MOYSES,MOISES,grafia
MONIKA,MONICA,grafia
MONICKE,MONIQUE,grafia
MONIKE,MONIQUE,grafia
MONYQUE,MONIQUE,grafia
NATALLIA,NATALIA,grafia
NATALLYA,NATALIA,grafia
NATALYA,NATALIA,grafia
NATHALIA,NATALIA,grafia
NATHALLIA,NATALIA,grafia
NATHALLYA,NATALIA,grafia
NATHALYA,NATALIA,grafia
NATAN,NATHAN,grafia
NATHANN,NATHAN,grafia
NATTAN,NATHAN,grafia
NAIARA,NAYARA,grafia
NICHOLAS,NICOLAS,grafia
NICKOLAS,NICOLAS,grafia
NICKOLLAS,NICOLAS,grafia
NICOLLAS,NICOLAS,grafia
NIKOLAS,NICOLAS,grafia
NIKOLLAS,NICOLAS,grafia
NYCOLAS,NICOLAS,grafia
NYCOLLAS,NICOLAS,grafia
NYKOLAS,NICOLAS,grafia
NYKOLLAS,NICOLAS,grafia
NICOLLE,NICOLE,grafia
NIKOLE,NICOLE,grafia
NIKOLLE,NICOLE,grafia
NYCOLE,NICOLE,grafia
NYCOLLE,NICOLE,grafia
OLYVIA,OLIVIA,grafia
PABLLO,PABLO,grafia
PATHRICIA,PATRICIA,grafia
PATRICYA,PATRICIA,grafia
PAULLA,PAULA,grafia
PAULLO,PAULO,grafia
PEDROHENRIQUE,PEDRO HENRIQUE,composto
PEDROLUCAS,PEDRO LUCAS,composto
PIETTRA,PIETRA,grafia
PYETRA,PIETRA,grafia
POLIANNA,POLIANA,grafia
POLLIANA,POLIANA,grafia
POLLYANA,POLIANA,grafia
POLLYANNA,POLIANA,grafia
POLYANA,POLIANA,grafia
POLYANNA,POLIANA,grafia
PRISCILLA,PRISCILA,grafia
PRISCYLA,PRISCILA,grafia
PRISCYLLA,PRISCILA,grafia
PRYSCILA,PRISCILA,grafia
PRYSCILLA,PRISCILA,grafia
RAFAELL,RAFAEL,grafia
RAFAHEL,RAFAEL,grafia
RAFFAEL,RAFAEL,grafia
RAFHAEL,RAFAEL,grafia
RAPHAEL,RAFAEL,grafia
RAPHAELL,RAFAEL,grafia
RAFAELLA,RAFAELA,grafia
RAFFAELA,RAFAELA,grafia
RAPHAELA,RAFAELA,grafia
RAPHAELLA,RAFAELA,grafia
RAYMUNDA,RAIMUNDA,grafia
RAYMUNDO,RAIMUNDO,grafia
RAISA,RAISSA,grafia
RAYSA,RAISSA,grafia
RAYSSA,RAISSA,grafia
RHAISSA,RAISSA,grafia
RHAYSSA,RAISSA,grafia
RACHEL,RAQUEL,grafia
RACKEL,RAQUEL,grafia
RAKEL,RAQUEL,grafia
RAIANE,RAYANE,grafia
RAIANI,RAYANE,grafia
RAIANNE,RAYANE,grafia
RAIANNY,RAYANE,grafia
RAIANY,RAYANE,grafia
RAYANI,RAYANE,grafia
RAYANNE,RAYANE,grafia
RAYANNY,RAYANE,grafia
RAYANY,RAYANE,grafia
RHAYANE,RAYANE,grafia
RHAYANNE,RAYANE,grafia
REBECCA,REBECA,grafia
REBECKA,REBECA,grafia
REBEKA,REBECA,grafia
REBEKAH,REBECA,grafia
REBEKKA,REBECA,grafia
RHEBECA,REBECA,grafia
RENANN,RENAN,grafia
RENNAN,RENAN,grafia
RHENAN,RENAN,grafia
RENATHA,RENATA,grafia
RENATTA,RENATA,grafia
RENNATA,RENATA,grafia
RYCARDO,RICARDO,grafia
RITHA,RITA,grafia
RITTA,RITA,grafia
RODRYGO,RODRIGO,grafia
ROZA,ROSA,grafia
ROSAMARIA,ROSA MARIA,composto
ROSANNE,ROSANE,grafia
ROZANE,ROSANE,grafia
ROZANGELA,ROSANGELA,grafia
ROSEANNE,ROSEANE,grafia
ROZEANE,ROSEANE,grafia
ROSELEI,ROSELI,grafia
ROSELY,ROSELI,grafia
ROZELI,ROSELI,grafia
ROSIMEIRE,ROSEMEIRE,grafia
ROZEMEIRE,ROSEMEIRE,grafia
ROSYLENE,ROSILENE,grafia
ROZILENE,ROSILENE,grafia
RHUAN,RUAN,grafia
RHUANN,RUAN,grafia
RUANN,RUAN,grafia
RUHAN,RUAN,grafia
RHIAN,RYAN,grafia
RHYAN,RYAN,grafia
RHYANN,RYAN,grafia
RIAN,RYAN,grafia
RIANN,RYAN,grafia
RYANN,RYAN,grafia
RYHAN,RYAN,grafia
SAMARAH,SAMARA,grafia
SAMARRA,SAMARA,grafia
SAMMUEL,SAMUEL,grafia
SAMUELL,SAMUEL,grafia
SAARA,SARA,grafia
SAHRA,SARA,grafia
SARAH,SARA,grafia
SARHA,SARA,grafia
CHEILA,SHEILA,grafia
SCHEILA,SHEILA,grafia
SCHEYLA,SHEILA,grafia
SHEILLA,SHEILA,grafia
SHEYLA,SHEILA,grafia
SHEYLLA,SHEILA,grafia
CHIRLEI,SHIRLEY,grafia
SHIRLEI,SHIRLEY,grafia
SHIRLLEY,SHIRLEY,grafia
SHYRLEY,SHIRLEY,grafia
SIRLEI,SHIRLEY,grafia
SIRLEY,SHIRLEY,grafia
SHOFIA,SOFIA,grafia
SOFFIA,SOFIA,grafia
SOFHIA,SOFIA,grafia
SOFHYA,SOFIA,grafia
SOFYA,SOFIA,grafia
SOPHIA,SOFIA,grafia
SOPHYA,SOFIA,grafia
ESTEFANE,STEFANY,grafia
ESTEFANI,STEFANY,grafia
ESTEFANY,STEFANY,grafia
STEFANE,STEFANY,grafia
STEFANI,STEFANY,grafia
STEFANIE,STEFANY,grafia
STEFANNY,STEFANY,grafia
STEFFANNY,STEFANY,grafia
STEFFANY,STEFANY,grafia
STEFHANNY,STEFANY,grafia
STEFHANY,STEFANY,grafia
STEPHANE,STEFANY,grafia
STEPHANIE,STEFANY,grafia
STEPHANNY,STEFANY,grafia
STEPHANY,STEFANY,grafia
STHEFANI,STEFANY,grafia
STHEFANNY,STEFANY,grafia
STHEFANY,STEFANY,grafia
STHEFFANNY,STEFANY,grafia
STHEFFANY,STEFANY,grafia
STHEPHANNY,STEFANY,grafia
STHEPHANY,STEFANY,grafia
SUELLEN,SUELEN,grafia
SWELLEN,SUELEN,grafia
TAMIRIS,TAMIRES,grafia
TAMYRES,TAMIRES,grafia
THAMIRES,TAMIRES,grafia
THAMIRIS,TAMIRES,grafia
THAMYRES,TAMIRES,grafia
TATHIANA,TATIANA,grafia
TATYANA,TATIANA,grafia
THATIANA,TATIANA,grafia
THATYANA,TATIANA,grafia
TATHIANE,TATIANE,grafia
TATIANNE,TATIANE,grafia
TATYANE,TATIANE,grafia
THATIANE,TATIANE,grafia
THATYANE,TATIANE,grafia
TAINA,TAYNA,grafia
TAINAH,TAYNA,grafia
TAYNAH,TAYNA,grafia
TAYNNA,TAYNA,grafia
THAINA,TAYNA,grafia
THAYNA,TAYNA,grafia
THAYNAH,TAYNA,grafia
THAYNNA,TAYNA,grafia
TAINARA,TAYNARA,grafia
TAYNNARA,TAYNARA,grafia
THAINARA,TAYNARA,grafia
THAYNARA,TAYNARA,grafia
THAYNNARA,TAYNARA,grafia
TERESA,TEREZA,grafia
THERESA,TEREZA,grafia
THEREZA,TEREZA,grafia
TERESINHA,TEREZINHA,grafia
THERESINHA,TEREZINHA,grafia
THEREZINHA,TEREZINHA,grafia
TAHIS,THAIS,grafia
TAIS,THAIS,grafia
TAIZ,THAIS,grafia
TAYS,THAIS,grafia
THAIZ,THAIS,grafia
THAYS,THAIS,grafia
TEO,THEO,grafia
THYAGO,THIAGO,grafia
TIAGO,THIAGO,grafia
TYAGO,THIAGO,grafia
VANESA,VANESSA,grafia
VANEZA,VANESSA,grafia
VANNESSA,VANESSA,grafia
VERONIKA,VERONICA,grafia
VINICYUS,VINICIUS,grafia
VINNICIUS,VINICIUS,grafia
VINYCIUS,VINICIUS,grafia
VICTOR,VITOR,grafia
VITHOR,VITOR,grafia
VITTOR,VITOR,grafia
VYTOR,VITOR,grafia
VICTORIA,VITORIA,grafia
VITHORIA,VITORIA,grafia
VITORYA,VITORIA,grafia
VITTORIA,VITORIA,grafia
VYTORIA,VITORIA,grafia
VAGNER,WAGNER,grafia
UALACE,WALLACE,grafia
UALLACE,WALLACE,grafia
WALACE,WALLACE,grafia
WALAS,WALLACE,grafia
WALLAS,WALLACE,grafia
VANDERLEI,WANDERLEY,grafia
VANDERLEY,WANDERLEY,grafia
WANDERLEI,WANDERLEY,grafia
HUANDERSON,WANDERSON,grafia
UANDERSON,WANDERSON,grafia
VANDERSON,WANDERSON,grafia
WANDERSSON,WANDERSON,grafia
WHANDERSON,WANDERSON,grafia
WUANDERSON,WANDERSON,grafia
UASHINGTON,WASHINGTON,grafia
WASHIGTON,WASHINGTON,grafia
WHASHINGTON,WASHINGTON,grafia
UELINGTON,WELLINGTON,grafia
UELLINGTON,WELLINGTON,grafia
WELIGTON,WELLINGTON,grafia
WELINGTON,WELLINGTON,grafia
WELLIGTON,WELLINGTON,grafia
WELLINGHTON,WELLINGTON,grafia
WELLINGTHON,WELLINGTON,grafia
WELLINTON,WELLINGTON,grafia
WELLYNGTON,WELLINGTON,grafia
UENDEL,WENDEL,grafia
VENDEL,WENDEL,grafia
VENDELL,WENDEL,grafia
WENDELL,WENDEL,grafia
UESLEI,WESLEY,grafia
UESLEY,WESLEY,grafia
WESLEI,WESLEY,grafia
WESLI,WESLEY,grafia
WESLLEI,WESLEY,grafia
WESLLEY,WESLEY,grafia
WESLLY,WESLEY,grafia
WHESLEY,WESLEY,grafia
UILIAM,WILLIAN,grafia
UILIAN,WILLIAN,grafia
UILLIAN,WILLIAN,grafia
WILIAM,WILLIAN,grafia
WILIAN,WILLIAN,grafia
WILLIAM,WILLIAN,grafia
WILLIANS,WILLIAN,grafia
WILLYAM,WILLIAN,grafia
WILLYAN,WILLIAN,grafia
WILYAN,WILLIAN,grafia
WYLLIAN,WILLIAN,grafia
WYLLYAN,WILLIAN,grafia
UILSON,WILSON,grafia
VILSON,WILSON,grafia
WILLSON,WILSON,grafia
WILSSON,WILSON,grafia
WUILSON,WILSON,grafia
HYASMIN,YASMIN,grafia
IASMIM,YASMIN,grafia
IASMIN,YASMIN,grafia
IASMYM,YASMIN,grafia
IASMYN,YASMIN,grafia
IAZMIN,YASMIN,grafia
YASMIM,YASMIN,grafia
YASMINN,YASMIN,grafia
YASMYM,YASMIN,grafia
YASMYN,YASMIN,grafia
YAZMIN,YASMIN,grafia
YHASMIN,YASMIN,grafia
